INSERT INTO user_table (user_id, user_login_id, user_email, user_name, user_password, user_phone, user_type, user_status, user_requested_at, user_approved_at)
VALUES (1, 'admin1', 'admin1@example.com', '관리자1', 'admin_pw1', '010-0000-0001', 'ROLE_admin', 'approve', NOW(), NOW());
INSERT INTO user_table (user_id, user_login_id, user_email, user_name, user_password, user_phone, user_type, user_status, user_requested_at, user_approved_at)
VALUES (2, 'admin2', 'admin2@example.com', '관리자2', 'admin_pw2', '010-0000-0002', 'ROLE_admin', 'approve', NOW(), NOW());
INSERT INTO user_table (user_id, user_login_id, user_email, user_name, user_password, user_phone, user_type, user_status, user_requested_at, user_approved_at)
VALUES (3, 'member1', 'member1@example.com', '회원1', 'pw1', '010-0000-0001', 'ROLE_member', 'approve', NOW(), NOW());
INSERT INTO user_table (user_id, user_login_id, user_email, user_name, user_password, user_phone, user_type, user_status, user_requested_at, user_approved_at)
VALUES (4, 'member2', 'member2@example.com', '회원2', 'pw2', '010-0000-0002', 'ROLE_member', 'approve', NOW(), NOW());
INSERT INTO user_table (user_id, user_login_id, user_email, user_name, user_password, user_phone, user_type, user_status, user_requested_at, user_approved_at)
VALUES (5, 'member3', 'member3@example.com', '회원3', 'pw3', '010-0000-0003', 'ROLE_member', 'approve', NOW(), NOW());
INSERT INTO user_table (user_id, user_login_id, user_email, user_name, user_password, user_phone, user_type, user_status, user_requested_at, user_approved_at)
VALUES (6, 'member4', 'member4@example.com', '회원4', 'pw4', '010-0000-0004', 'ROLE_member', 'approve', NOW(), NOW());
INSERT INTO user_table (user_id, user_login_id, user_email, user_name, user_password, user_phone, user_type, user_status, user_requested_at, user_approved_at)
VALUES (7, 'member5', 'member5@example.com', '회원5', 'pw5', '010-0000-0005', 'ROLE_member', 'approve', NOW(), NOW());
INSERT INTO user_table (user_id, user_login_id, user_email, user_name, user_password, user_phone, user_type, user_status, user_requested_at, user_approved_at)
VALUES (8, 'member6', 'member6@example.com', '회원6', 'pw6', '010-0000-0006', 'ROLE_member', 'approve', NOW(), NOW());
INSERT INTO user_table (user_id, user_login_id, user_email, user_name, user_password, user_phone, user_type, user_status, user_requested_at, user_approved_at)
VALUES (9, 'member7', 'member7@example.com', '회원7', 'pw7', '010-0000-0007', 'ROLE_member', 'approve', NOW(), NOW());
INSERT INTO user_table (user_id, user_login_id, user_email, user_name, user_password, user_phone, user_type, user_status, user_requested_at, user_approved_at)
VALUES (10, 'member8', 'member8@example.com', '회원8', 'pw8', '010-0000-0008', 'ROLE_member', 'approve', NOW(), NOW());
INSERT INTO user_table (user_id, user_login_id, user_email, user_name, user_password, user_phone, user_type, user_status, user_requested_at, user_approved_at)
VALUES (11, 'member9', 'member9@example.com', '회원9', 'pw9', '010-0000-0009', 'ROLE_member', 'approve', NOW(), NOW());
INSERT INTO user_table (user_id, user_login_id, user_email, user_name, user_password, user_phone, user_type, user_status, user_requested_at, user_approved_at)
VALUES (12, 'member10', 'member10@example.com', '회원10', 'pw10', '010-0000-0010', 'ROLE_member', 'approve', NOW(), NOW());
INSERT INTO user_table (user_id, user_login_id, user_email, user_name, user_password, user_phone, user_type, user_status, user_requested_at, user_approved_at)
VALUES (13, 'member11', 'member11@example.com', '회원11', 'pw11', '010-0000-0011', 'ROLE_member', 'approve', NOW(), NOW());
INSERT INTO user_table (user_id, user_login_id, user_email, user_name, user_password, user_phone, user_type, user_status, user_requested_at, user_approved_at)
VALUES (14, 'member12', 'member12@example.com', '회원12', 'pw12', '010-0000-0012', 'ROLE_member', 'approve', NOW(), NOW());
INSERT INTO user_table (user_id, user_login_id, user_email, user_name, user_password, user_phone, user_type, user_status, user_requested_at, user_approved_at)
VALUES (15, 'member13', 'member13@example.com', '회원13', 'pw13', '010-0000-0013', 'ROLE_member', 'approve', NOW(), NOW());
INSERT INTO user_table (user_id, user_login_id, user_email, user_name, user_password, user_phone, user_type, user_status, user_requested_at, user_approved_at)
VALUES (16, 'member14', 'member14@example.com', '회원14', 'pw14', '010-0000-0014', 'ROLE_member', 'approve', NOW(), NOW());
INSERT INTO user_table (user_id, user_login_id, user_email, user_name, user_password, user_phone, user_type, user_status, user_requested_at, user_approved_at)
VALUES (17, 'member15', 'member15@example.com', '회원15', 'pw15', '010-0000-0015', 'ROLE_member', 'approve', NOW(), NOW());
INSERT INTO user_table (user_id, user_login_id, user_email, user_name, user_password, user_phone, user_type, user_status, user_requested_at, user_approved_at)
VALUES (18, 'member16', 'member16@example.com', '회원16', 'pw16', '010-0000-0016', 'ROLE_member', 'approve', NOW(), NOW());
INSERT INTO user_table (user_id, user_login_id, user_email, user_name, user_password, user_phone, user_type, user_status, user_requested_at, user_approved_at)
VALUES (19, 'member17', 'member17@example.com', '회원17', 'pw17', '010-0000-0017', 'ROLE_member', 'approve', NOW(), NOW());
INSERT INTO user_table (user_id, user_login_id, user_email, user_name, user_password, user_phone, user_type, user_status, user_requested_at, user_approved_at)
VALUES (20, 'member18', 'member18@example.com', '회원18', 'pw18', '010-0000-0018', 'ROLE_member', 'approve', NOW(), NOW());
INSERT INTO user_table (user_id, user_login_id, user_email, user_name, user_password, user_phone, user_type, user_status, user_requested_at, user_approved_at)
VALUES (21, 'member19', 'member19@example.com', '회원19', 'pw19', '010-0000-0019', 'ROLE_member', 'approve', NOW(), NOW());
INSERT INTO user_table (user_id, user_login_id, user_email, user_name, user_password, user_phone, user_type, user_status, user_requested_at, user_approved_at)
VALUES (22, 'member20', 'member20@example.com', '회원20', 'pw20', '010-0000-0020', 'ROLE_member', 'approve', NOW(), NOW());
INSERT INTO user_table (user_id, user_login_id, user_email, user_name, user_password, user_phone, user_type, user_status, user_requested_at, user_approved_at)
VALUES (23, 'member21', 'member21@example.com', '회원21', 'pw21', '010-0000-0021', 'ROLE_member', 'approve', NOW(), NOW());
INSERT INTO user_table (user_id, user_login_id, user_email, user_name, user_password, user_phone, user_type, user_status, user_requested_at, user_approved_at)
VALUES (24, 'member22', 'member22@example.com', '회원22', 'pw22', '010-0000-0022', 'ROLE_member', 'approve', NOW(), NOW());
INSERT INTO user_table (user_id, user_login_id, user_email, user_name, user_password, user_phone, user_type, user_status, user_requested_at, user_approved_at)
VALUES (25, 'member23', 'member23@example.com', '회원23', 'pw23', '010-0000-0023', 'ROLE_member', 'approve', NOW(), NOW());
INSERT INTO user_table (user_id, user_login_id, user_email, user_name, user_password, user_phone, user_type, user_status, user_requested_at, user_approved_at)
VALUES (26, 'member24', 'member24@example.com', '회원24', 'pw24', '010-0000-0024', 'ROLE_member', 'approve', NOW(), NOW());
INSERT INTO user_table (user_id, user_login_id, user_email, user_name, user_password, user_phone, user_type, user_status, user_requested_at, user_approved_at)
VALUES (27, 'member25', 'member25@example.com', '회원25', 'pw25', '010-0000-0025', 'ROLE_member', 'approve', NOW(), NOW());
INSERT INTO user_table (user_id, user_login_id, user_email, user_name, user_password, user_phone, user_type, user_status, user_requested_at, user_approved_at)
VALUES (28, 'member26', 'member26@example.com', '회원26', 'pw26', '010-0000-0026', 'ROLE_member', 'approve', NOW(), NOW());
INSERT INTO user_table (user_id, user_login_id, user_email, user_name, user_password, user_phone, user_type, user_status, user_requested_at, user_approved_at)
VALUES (29, 'member27', 'member27@example.com', '회원27', 'pw27', '010-0000-0027', 'ROLE_member', 'approve', NOW(), NOW());
INSERT INTO user_table (user_id, user_login_id, user_email, user_name, user_password, user_phone, user_type, user_status, user_requested_at, user_approved_at)
VALUES (30, 'member28', 'member28@example.com', '회원28', 'pw28', '010-0000-0028', 'ROLE_member', 'approve', NOW(), NOW());
INSERT INTO user_table (user_id, user_login_id, user_email, user_name, user_password, user_phone, user_type, user_status, user_requested_at, user_approved_at)
VALUES (31, 'member29', 'member29@example.com', '회원29', 'pw29', '010-0000-0029', 'ROLE_member', 'approve', NOW(), NOW());
INSERT INTO user_table (user_id, user_login_id, user_email, user_name, user_password, user_phone, user_type, user_status, user_requested_at, user_approved_at)
VALUES (32, 'member30', 'member30@example.com', '회원30', 'pw30', '010-0000-0030', 'ROLE_member', 'approve', NOW(), NOW());
INSERT INTO admin_table (admin_hire_date, admin_position, user_id)
VALUES ('2022-01-01', '팀장', 1);
INSERT INTO admin_table (admin_hire_date, admin_position, user_id)
VALUES ('2022-01-02', '팀장', 2);
INSERT INTO category_main (category_name) VALUES ('냉동식품');
INSERT INTO category_main (category_name) VALUES ('냉장식품');
INSERT INTO category_main (category_name) VALUES ('상온식품');
INSERT INTO category_main (category_name) VALUES ('조미료');
INSERT INTO category_main (category_name) VALUES ('과일');
INSERT INTO category_main (category_name) VALUES ('채소');
INSERT INTO category_main (category_name) VALUES ('육류');
INSERT INTO category_main (category_name) VALUES ('수산물');
INSERT INTO category_main (category_name) VALUES ('유제품');
INSERT INTO category_main (category_name) VALUES ('음료');
INSERT INTO c_mid_level (category_name, category_main_id) VALUES ('만두', 1);
INSERT INTO c_mid_level (category_name, category_main_id) VALUES ('피자', 1);
INSERT INTO c_mid_level (category_name, category_main_id) VALUES ('햄', 2);
INSERT INTO c_mid_level (category_name, category_main_id) VALUES ('치즈', 2);
INSERT INTO c_mid_level (category_name, category_main_id) VALUES ('쌀과자', 3);
INSERT INTO c_mid_level (category_name, category_main_id) VALUES ('소금', 4);
INSERT INTO c_mid_level (category_name, category_main_id) VALUES ('설탕', 4);
INSERT INTO c_mid_level (category_name, category_main_id) VALUES ('사과', 5);
INSERT INTO c_mid_level (category_name, category_main_id) VALUES ('양상추', 6);
INSERT INTO c_mid_level (category_name, category_main_id) VALUES ('닭고기', 7);
INSERT INTO business_table (business_regist_num, business_name, business_address, user_id)
VALUES ('BRN000001', '식자재유통업체1', '서울시 강남구 업체로 1번지', 3);
INSERT INTO business_table (business_regist_num, business_name, business_address, user_id)
VALUES ('BRN000002', '식자재유통업체2', '서울시 강남구 업체로 2번지', 4);
INSERT INTO business_table (business_regist_num, business_name, business_address, user_id)
VALUES ('BRN000003', '식자재유통업체3', '서울시 강남구 업체로 3번지', 5);
INSERT INTO business_table (business_regist_num, business_name, business_address, user_id)
VALUES ('BRN000004', '식자재유통업체4', '서울시 강남구 업체로 4번지', 6);
INSERT INTO business_table (business_regist_num, business_name, business_address, user_id)
VALUES ('BRN000005', '식자재유통업체5', '서울시 강남구 업체로 5번지', 7);
INSERT INTO business_table (business_regist_num, business_name, business_address, user_id)
VALUES ('BRN000006', '식자재유통업체6', '서울시 강남구 업체로 6번지', 8);
INSERT INTO business_table (business_regist_num, business_name, business_address, user_id)
VALUES ('BRN000007', '식자재유통업체7', '서울시 강남구 업체로 7번지', 9);
INSERT INTO business_table (business_regist_num, business_name, business_address, user_id)
VALUES ('BRN000008', '식자재유통업체8', '서울시 강남구 업체로 8번지', 10);
INSERT INTO business_table (business_regist_num, business_name, business_address, user_id)
VALUES ('BRN000009', '식자재유통업체9', '서울시 강남구 업체로 9번지', 11);
INSERT INTO business_table (business_regist_num, business_name, business_address, user_id)
VALUES ('BRN000010', '식자재유통업체10', '서울시 강남구 업체로 10번지', 12);
INSERT INTO business_table (business_regist_num, business_name, business_address, user_id)
VALUES ('BRN000011', '식자재유통업체11', '서울시 강남구 업체로 11번지', 13);
INSERT INTO business_table (business_regist_num, business_name, business_address, user_id)
VALUES ('BRN000012', '식자재유통업체12', '서울시 강남구 업체로 12번지', 14);
INSERT INTO business_table (business_regist_num, business_name, business_address, user_id)
VALUES ('BRN000013', '식자재유통업체13', '서울시 강남구 업체로 13번지', 15);
INSERT INTO business_table (business_regist_num, business_name, business_address, user_id)
VALUES ('BRN000014', '식자재유통업체14', '서울시 강남구 업체로 14번지', 16);
INSERT INTO business_table (business_regist_num, business_name, business_address, user_id)
VALUES ('BRN000015', '식자재유통업체15', '서울시 강남구 업체로 15번지', 17);
INSERT INTO business_table (business_regist_num, business_name, business_address, user_id)
VALUES ('BRN000016', '식자재유통업체16', '서울시 강남구 업체로 16번지', 18);
INSERT INTO business_table (business_regist_num, business_name, business_address, user_id)
VALUES ('BRN000017', '식자재유통업체17', '서울시 강남구 업체로 17번지', 19);
INSERT INTO business_table (business_regist_num, business_name, business_address, user_id)
VALUES ('BRN000018', '식자재유통업체18', '서울시 강남구 업체로 18번지', 20);
INSERT INTO business_table (business_regist_num, business_name, business_address, user_id)
VALUES ('BRN000019', '식자재유통업체19', '서울시 강남구 업체로 19번지', 21);
INSERT INTO business_table (business_regist_num, business_name, business_address, user_id)
VALUES ('BRN000020', '식자재유통업체20', '서울시 강남구 업체로 20번지', 22);
INSERT INTO business_table (business_regist_num, business_name, business_address, user_id)
VALUES ('BRN000021', '식자재유통업체21', '서울시 강남구 업체로 21번지', 23);
INSERT INTO business_table (business_regist_num, business_name, business_address, user_id)
VALUES ('BRN000022', '식자재유통업체22', '서울시 강남구 업체로 22번지', 24);
INSERT INTO business_table (business_regist_num, business_name, business_address, user_id)
VALUES ('BRN000023', '식자재유통업체23', '서울시 강남구 업체로 23번지', 25);
INSERT INTO business_table (business_regist_num, business_name, business_address, user_id)
VALUES ('BRN000024', '식자재유통업체24', '서울시 강남구 업체로 24번지', 26);
INSERT INTO business_table (business_regist_num, business_name, business_address, user_id)
VALUES ('BRN000025', '식자재유통업체25', '서울시 강남구 업체로 25번지', 27);
INSERT INTO business_table (business_regist_num, business_name, business_address, user_id)
VALUES ('BRN000026', '식자재유통업체26', '서울시 강남구 업체로 26번지', 28);
INSERT INTO business_table (business_regist_num, business_name, business_address, user_id)
VALUES ('BRN000027', '식자재유통업체27', '서울시 강남구 업체로 27번지', 29);
INSERT INTO business_table (business_regist_num, business_name, business_address, user_id)
VALUES ('BRN000028', '식자재유통업체28', '서울시 강남구 업체로 28번지', 30);
INSERT INTO business_table (business_regist_num, business_name, business_address, user_id)
VALUES ('BRN000029', '식자재유통업체29', '서울시 강남구 업체로 29번지', 31);
INSERT INTO business_table (business_regist_num, business_name, business_address, user_id)
VALUES ('BRN000030', '식자재유통업체30', '서울시 강남구 업체로 30번지', 32);
INSERT INTO product (product_size, product_name, category_mid_id, storage_temperature, expiration_date, business_id)
VALUES (2, '제품1', 7, -18,
        '2025-08-15', 30);
INSERT INTO product (product_size, product_name, category_mid_id, storage_temperature, expiration_date, business_id)
VALUES (4, '제품2', 5, 20,
        '2025-07-28', 28);
INSERT INTO product (product_size, product_name, category_mid_id, storage_temperature, expiration_date, business_id)
VALUES (7, '제품3', 3, 4,
        '2025-08-04', 24);
INSERT INTO product (product_size, product_name, category_mid_id, storage_temperature, expiration_date, business_id)
VALUES (8, '제품4', 1, 20,
        '2025-11-18', 6);
INSERT INTO product (product_size, product_name, category_mid_id, storage_temperature, expiration_date, business_id)
VALUES (1, '제품5', 9, 4,
        '2025-06-12', 3);
INSERT INTO product (product_size, product_name, category_mid_id, storage_temperature, expiration_date, business_id)
VALUES (1, '제품6', 6, -18,
        '2026-03-06', 18);
INSERT INTO product (product_size, product_name, category_mid_id, storage_temperature, expiration_date, business_id)
VALUES (10, '제품7', 9, 4,
        '2026-03-30', 28);
INSERT INTO product (product_size, product_name, category_mid_id, storage_temperature, expiration_date, business_id)
VALUES (8, '제품8', 3, -18,
        '2025-12-19', 1);
INSERT INTO product (product_size, product_name, category_mid_id, storage_temperature, expiration_date, business_id)
VALUES (8, '제품9', 4, 20,
        '2025-05-24', 20);
INSERT INTO product (product_size, product_name, category_mid_id, storage_temperature, expiration_date, business_id)
VALUES (3, '제품10', 1, 20,
        '2025-11-15', 16);
INSERT INTO product (product_size, product_name, category_mid_id, storage_temperature, expiration_date, business_id)
VALUES (2, '제품11', 5, 20,
        '2026-03-02', 2);
INSERT INTO product (product_size, product_name, category_mid_id, storage_temperature, expiration_date, business_id)
VALUES (4, '제품12', 3, -18,
        '2025-12-10', 14);
INSERT INTO product (product_size, product_name, category_mid_id, storage_temperature, expiration_date, business_id)
VALUES (6, '제품13', 9, -18,
        '2025-09-17', 24);
INSERT INTO product (product_size, product_name, category_mid_id, storage_temperature, expiration_date, business_id)
VALUES (8, '제품14', 8, 20,
        '2025-11-18', 18);
INSERT INTO product (product_size, product_name, category_mid_id, storage_temperature, expiration_date, business_id)
VALUES (8, '제품15', 1, 20,
        '2025-12-08', 27);
INSERT INTO product (product_size, product_name, category_mid_id, storage_temperature, expiration_date, business_id)
VALUES (5, '제품16', 4, -18,
        '2025-07-28', 2);
INSERT INTO product (product_size, product_name, category_mid_id, storage_temperature, expiration_date, business_id)
VALUES (3, '제품17', 2, -18,
        '2025-09-09', 20);
INSERT INTO product (product_size, product_name, category_mid_id, storage_temperature, expiration_date, business_id)
VALUES (6, '제품18', 9, 4,
        '2026-04-07', 30);
INSERT INTO product (product_size, product_name, category_mid_id, storage_temperature, expiration_date, business_id)
VALUES (2, '제품19', 1, 4,
        '2025-06-20', 29);
INSERT INTO product (product_size, product_name, category_mid_id, storage_temperature, expiration_date, business_id)
VALUES (6, '제품20', 9, 20,
        '2025-06-29', 14);
INSERT INTO product (product_size, product_name, category_mid_id, storage_temperature, expiration_date, business_id)
VALUES (2, '제품21', 8, -18,
        '2026-02-24', 13);
INSERT INTO product (product_size, product_name, category_mid_id, storage_temperature, expiration_date, business_id)
VALUES (4, '제품22', 1, 4,
        '2025-08-19', 24);
INSERT INTO product (product_size, product_name, category_mid_id, storage_temperature, expiration_date, business_id)
VALUES (4, '제품23', 1, -18,
        '2025-08-25', 20);
INSERT INTO product (product_size, product_name, category_mid_id, storage_temperature, expiration_date, business_id)
VALUES (5, '제품24', 5, 20,
        '2025-08-23', 8);
INSERT INTO product (product_size, product_name, category_mid_id, storage_temperature, expiration_date, business_id)
VALUES (7, '제품25', 10, -18,
        '2025-09-07', 29);
INSERT INTO product (product_size, product_name, category_mid_id, storage_temperature, expiration_date, business_id)
VALUES (2, '제품26', 10, -18,
        '2026-01-11', 18);
INSERT INTO product (product_size, product_name, category_mid_id, storage_temperature, expiration_date, business_id)
VALUES (2, '제품27', 9, 20,
        '2026-03-23', 14);
INSERT INTO product (product_size, product_name, category_mid_id, storage_temperature, expiration_date, business_id)
VALUES (9, '제품28', 1, -18,
        '2025-12-26', 27);
INSERT INTO product (product_size, product_name, category_mid_id, storage_temperature, expiration_date, business_id)
VALUES (2, '제품29', 7, 20,
        '2025-08-20', 7);
INSERT INTO product (product_size, product_name, category_mid_id, storage_temperature, expiration_date, business_id)
VALUES (8, '제품30', 8, -18,
        '2025-08-26', 19);
INSERT INTO warehouse_table (warehouse_name, warehouse_space, warehouse_address, warehouse_amount)
VALUES ('창고1', 2891, '서울시 물류로 1번지', 0);
INSERT INTO warehouse_table (warehouse_name, warehouse_space, warehouse_address, warehouse_amount)
VALUES ('창고2', 2102, '서울시 물류로 2번지', 0);
INSERT INTO warehouse_table (warehouse_name, warehouse_space, warehouse_address, warehouse_amount)
VALUES ('창고3', 2829, '서울시 물류로 3번지', 0);
INSERT INTO storage_condition (storage_name, min_temp, max_temp, description)
VALUES
    ('Ultra-Low_Temp', -80, -50, '초저온 보관'),
    ('Frozen_Storage', -25, -10, '냉동 보관'),
    ('Refrigerated_Storage', 0, 4, '냉장 보관'),
    ('Cool_Storage', 5, 15, '서늘한 곳 보관'),
    ('Room_Temperature', 16, 25, '상온 보관'),
    ('Heated_Storage', 26, 40, '가열 보관');
INSERT INTO area_table (area_space, area_code, area_price, warehouse_id, storage_id)
VALUES (43, 'A001', 2714, 1, 6);
INSERT INTO area_table (area_space, area_code, area_price, warehouse_id, storage_id)
VALUES (49, 'A002', 1324, 2, 6);
INSERT INTO area_table (area_space, area_code, area_price, warehouse_id, storage_id)
VALUES (37, 'A003', 2100, 2, 5);
INSERT INTO area_table (area_space, area_code, area_price, warehouse_id, storage_id)
VALUES (43, 'A004', 1966, 3, 1);
INSERT INTO area_table (area_space, area_code, area_price, warehouse_id, storage_id)
VALUES (48, 'A005', 2310, 1, 1);
INSERT INTO area_table (area_space, area_code, area_price, warehouse_id, storage_id)
VALUES (29, 'A006', 2306, 3, 4);
INSERT INTO area_table (area_space, area_code, area_price, warehouse_id, storage_id)
VALUES (45, 'A007', 2733, 3, 4);
INSERT INTO area_table (area_space, area_code, area_price, warehouse_id, storage_id)
VALUES (47, 'A008', 2354, 1, 3);
INSERT INTO area_table (area_space, area_code, area_price, warehouse_id, storage_id)
VALUES (41, 'A009', 1876, 3, 4);
INSERT INTO area_table (area_space, area_code, area_price, warehouse_id, storage_id)
VALUES (29, 'A010', 2269, 2, 4);
INSERT INTO area_table (area_space, area_code, area_price, warehouse_id, storage_id)
VALUES (27, 'A011', 1530, 1, 6);
INSERT INTO area_table (area_space, area_code, area_price, warehouse_id, storage_id)
VALUES (37, 'A012', 1605, 1, 6);
INSERT INTO area_table (area_space, area_code, area_price, warehouse_id, storage_id)
VALUES (50, 'A013', 2455, 3, 6);
INSERT INTO area_table (area_space, area_code, area_price, warehouse_id, storage_id)
VALUES (26, 'A014', 1305, 3, 5);
INSERT INTO area_table (area_space, area_code, area_price, warehouse_id, storage_id)
VALUES (35, 'A015', 2393, 3, 6);
INSERT INTO area_table (area_space, area_code, area_price, warehouse_id, storage_id)
VALUES (42, 'A016', 1115, 2, 3);
INSERT INTO area_table (area_space, area_code, area_price, warehouse_id, storage_id)
VALUES (23, 'A017', 2017, 2, 2);
INSERT INTO area_table (area_space, area_code, area_price, warehouse_id, storage_id)
VALUES (25, 'A018', 1910, 1, 1);
INSERT INTO area_table (area_space, area_code, area_price, warehouse_id, storage_id)
VALUES (25, 'A019', 2026, 2, 6);
INSERT INTO area_table (area_space, area_code, area_price, warehouse_id, storage_id)
VALUES (40, 'A020', 2865, 2, 2);
INSERT INTO area_table (area_space, area_code, area_price, warehouse_id, storage_id)
VALUES (28, 'A021', 1425, 1, 5);
INSERT INTO area_table (area_space, area_code, area_price, warehouse_id, storage_id)
VALUES (45, 'A022', 1689, 3, 4);
INSERT INTO area_table (area_space, area_code, area_price, warehouse_id, storage_id)
VALUES (31, 'A023', 2952, 3, 2);
INSERT INTO area_table (area_space, area_code, area_price, warehouse_id, storage_id)
VALUES (46, 'A024', 2295, 1, 3);
INSERT INTO area_table (area_space, area_code, area_price, warehouse_id, storage_id)
VALUES (46, 'A025', 1458, 3, 4);
INSERT INTO area_table (area_space, area_code, area_price, warehouse_id, storage_id)
VALUES (38, 'A026', 1089, 2, 2);
INSERT INTO area_table (area_space, area_code, area_price, warehouse_id, storage_id)
VALUES (49, 'A027', 1507, 2, 4);
INSERT INTO area_table (area_space, area_code, area_price, warehouse_id, storage_id)
VALUES (36, 'A028', 1015, 2, 6);
INSERT INTO area_table (area_space, area_code, area_price, warehouse_id, storage_id)
VALUES (44, 'A029', 1830, 3, 4);
INSERT INTO area_table (area_space, area_code, area_price, warehouse_id, storage_id)
VALUES (23, 'A030', 1121, 2, 3);
INSERT INTO stock_table (stock_amount, product_id, area_id)
VALUES (134, 19, 5);
INSERT INTO stock_table (stock_amount, product_id, area_id)
VALUES (187, 6, 4);
INSERT INTO stock_table (stock_amount, product_id, area_id)
VALUES (73, 22, 14);
INSERT INTO stock_table (stock_amount, product_id, area_id)
VALUES (84, 6, 7);
INSERT INTO stock_table (stock_amount, product_id, area_id)
VALUES (106, 27, 9);
INSERT INTO stock_table (stock_amount, product_id, area_id)
VALUES (199, 10, 17);
INSERT INTO stock_table (stock_amount, product_id, area_id)
VALUES (178, 5, 14);
INSERT INTO stock_table (stock_amount, product_id, area_id)
VALUES (51, 5, 10);
INSERT INTO stock_table (stock_amount, product_id, area_id)
VALUES (103, 17, 28);
INSERT INTO stock_table (stock_amount, product_id, area_id)
VALUES (119, 24, 12);
INSERT INTO stock_table (stock_amount, product_id, area_id)
VALUES (151, 13, 1);
INSERT INTO stock_table (stock_amount, product_id, area_id)
VALUES (189, 23, 3);
INSERT INTO stock_table (stock_amount, product_id, area_id)
VALUES (92, 20, 13);
INSERT INTO stock_table (stock_amount, product_id, area_id)
VALUES (130, 9, 7);
INSERT INTO stock_table (stock_amount, product_id, area_id)
VALUES (91, 10, 29);
INSERT INTO stock_table (stock_amount, product_id, area_id)
VALUES (80, 28, 12);
INSERT INTO stock_table (stock_amount, product_id, area_id)
VALUES (170, 20, 14);
INSERT INTO stock_table (stock_amount, product_id, area_id)
VALUES (58, 14, 3);
INSERT INTO stock_table (stock_amount, product_id, area_id)
VALUES (82, 29, 6);
INSERT INTO stock_table (stock_amount, product_id, area_id)
VALUES (73, 22, 12);
INSERT INTO stock_table (stock_amount, product_id, area_id)
VALUES (168, 18, 16);
INSERT INTO stock_table (stock_amount, product_id, area_id)
VALUES (78, 21, 20);
INSERT INTO stock_table (stock_amount, product_id, area_id)
VALUES (132, 22, 26);
INSERT INTO stock_table (stock_amount, product_id, area_id)
VALUES (58, 26, 12);
INSERT INTO stock_table (stock_amount, product_id, area_id)
VALUES (70, 22, 1);
INSERT INTO stock_table (stock_amount, product_id, area_id)
VALUES (138, 25, 12);
INSERT INTO stock_table (stock_amount, product_id, area_id)
VALUES (191, 11, 12);
INSERT INTO stock_table (stock_amount, product_id, area_id)
VALUES (177, 10, 2);
INSERT INTO stock_table (stock_amount, product_id, area_id)
VALUES (78, 27, 1);
INSERT INTO stock_table (stock_amount, product_id, area_id)
VALUES (188, 11, 4);
INSERT INTO stock_history_table (stock_id, change_date, stock_quantity, change_type)
VALUES (15, '2025-04-16 20:19:08', 43, '출고');
INSERT INTO stock_history_table (stock_id, change_date, stock_quantity, change_type)
VALUES (11, '2025-04-11 03:34:38', 59, '출고');
INSERT INTO stock_history_table (stock_id, change_date, stock_quantity, change_type)
VALUES (2, '2025-04-03 09:12:23', 18, '입고');
INSERT INTO stock_history_table (stock_id, change_date, stock_quantity, change_type)
VALUES (25, '2025-03-27 15:20:16', 60, '입고');
INSERT INTO stock_history_table (stock_id, change_date, stock_quantity, change_type)
VALUES (23, '2025-04-11 17:22:56', 19, '출고');
INSERT INTO stock_history_table (stock_id, change_date, stock_quantity, change_type)
VALUES (8, '2025-03-24 20:43:24', 28, '출고');
INSERT INTO stock_history_table (stock_id, change_date, stock_quantity, change_type)
VALUES (18, '2025-04-09 16:23:19', 44, '출고');
INSERT INTO stock_history_table (stock_id, change_date, stock_quantity, change_type)
VALUES (12, '2025-04-21 17:23:25', 12, '출고');
INSERT INTO stock_history_table (stock_id, change_date, stock_quantity, change_type)
VALUES (7, '2025-04-22 02:09:04', 24, '출고');
INSERT INTO stock_history_table (stock_id, change_date, stock_quantity, change_type)
VALUES (1, '2025-04-08 20:12:57', 96, '출고');
INSERT INTO stock_history_table (stock_id, change_date, stock_quantity, change_type)
VALUES (10, '2025-04-16 17:19:36', 39, '출고');
INSERT INTO stock_history_table (stock_id, change_date, stock_quantity, change_type)
VALUES (20, '2025-04-06 17:09:12', 56, '입고');
INSERT INTO stock_history_table (stock_id, change_date, stock_quantity, change_type)
VALUES (3, '2025-03-31 15:59:19', 40, '출고');
INSERT INTO stock_history_table (stock_id, change_date, stock_quantity, change_type)
VALUES (10, '2025-04-13 09:53:28', 34, '입고');
INSERT INTO stock_history_table (stock_id, change_date, stock_quantity, change_type)
VALUES (8, '2025-04-02 07:23:56', 83, '출고');
INSERT INTO stock_history_table (stock_id, change_date, stock_quantity, change_type)
VALUES (27, '2025-03-27 00:43:44', 56, '입고');
INSERT INTO stock_history_table (stock_id, change_date, stock_quantity, change_type)
VALUES (5, '2025-04-21 03:00:53', 54, '출고');
INSERT INTO stock_history_table (stock_id, change_date, stock_quantity, change_type)
VALUES (12, '2025-04-05 16:26:08', 63, '입고');
INSERT INTO stock_history_table (stock_id, change_date, stock_quantity, change_type)
VALUES (27, '2025-04-17 18:57:44', 28, '출고');
INSERT INTO stock_history_table (stock_id, change_date, stock_quantity, change_type)
VALUES (3, '2025-04-14 01:37:10', 32, '출고');
INSERT INTO stock_history_table (stock_id, change_date, stock_quantity, change_type)
VALUES (3, '2025-04-11 20:34:51', 19, '출고');
INSERT INTO stock_history_table (stock_id, change_date, stock_quantity, change_type)
VALUES (20, '2025-04-14 23:03:49', 19, '입고');
INSERT INTO stock_history_table (stock_id, change_date, stock_quantity, change_type)
VALUES (29, '2025-04-07 12:24:34', 50, '입고');
INSERT INTO stock_history_table (stock_id, change_date, stock_quantity, change_type)
VALUES (28, '2025-03-31 21:38:57', 60, '출고');
INSERT INTO stock_history_table (stock_id, change_date, stock_quantity, change_type)
VALUES (8, '2025-04-12 03:28:32', 89, '입고');
INSERT INTO stock_history_table (stock_id, change_date, stock_quantity, change_type)
VALUES (6, '2025-04-14 15:58:46', 46, '출고');
INSERT INTO stock_history_table (stock_id, change_date, stock_quantity, change_type)
VALUES (24, '2025-03-26 09:31:49', 86, '출고');
INSERT INTO stock_history_table (stock_id, change_date, stock_quantity, change_type)
VALUES (15, '2025-04-10 10:33:51', 18, '출고');
INSERT INTO stock_history_table (stock_id, change_date, stock_quantity, change_type)
VALUES (12, '2025-04-17 09:59:17', 80, '출고');
INSERT INTO stock_history_table (stock_id, change_date, stock_quantity, change_type)
VALUES (13, '2025-04-07 18:09:42', 82, '입고');
INSERT INTO inbound_table (inbound_date, inbound_request_date, inbound_status, admin_id, inbound_amount, product_id, reject_reason_code)
VALUES ('2025-04-14 15:20:06', '2025-03-28 22:23:52', '승인',
        2, 97, 30, NULL);
INSERT INTO inbound_table (inbound_date, inbound_request_date, inbound_status, admin_id, inbound_amount, product_id, reject_reason_code)
VALUES ('2025-04-11 03:12:51', '2025-04-17 03:50:28', '대기',
        1, 58, 12, NULL);
INSERT INTO inbound_table (inbound_date, inbound_request_date, inbound_status, admin_id, inbound_amount, product_id, reject_reason_code)
VALUES ('2025-04-19 12:36:08', '2025-03-24 21:18:04', '승인',
        2, 10, 18, NULL);
INSERT INTO inbound_table (inbound_date, inbound_request_date, inbound_status, admin_id, inbound_amount, product_id, reject_reason_code)
VALUES ('2025-04-23 06:44:27', '2025-04-08 05:52:19', '대기',
        2, 98, 4, NULL);
INSERT INTO inbound_table (inbound_date, inbound_request_date, inbound_status, admin_id, inbound_amount, product_id, reject_reason_code)
VALUES ('2025-04-19 06:16:41', '2025-04-02 14:57:53', '승인',
        2, 95, 29, NULL);
INSERT INTO inbound_table (inbound_date, inbound_request_date, inbound_status, admin_id, inbound_amount, product_id, reject_reason_code)
VALUES ('2025-04-20 09:53:22', '2025-04-13 11:33:28', '승인',
        1, 75, 10, NULL);
INSERT INTO inbound_table (inbound_date, inbound_request_date, inbound_status, admin_id, inbound_amount, product_id, reject_reason_code)
VALUES ('2025-04-09 04:05:47', '2025-04-04 21:13:10', '승인',
        1, 34, 19, NULL);
INSERT INTO inbound_table (inbound_date, inbound_request_date, inbound_status, admin_id, inbound_amount, product_id, reject_reason_code)
VALUES ('2025-04-17 23:10:32', '2025-04-20 15:44:03', '승인',
        1, 37, 28, NULL);
INSERT INTO inbound_table (inbound_date, inbound_request_date, inbound_status, admin_id, inbound_amount, product_id, reject_reason_code)
VALUES ('2025-04-16 17:45:50', '2025-04-09 20:15:55', '승인',
        2, 78, 12, NULL);
INSERT INTO inbound_table (inbound_date, inbound_request_date, inbound_status, admin_id, inbound_amount, product_id, reject_reason_code)
VALUES ('2025-04-20 04:48:09', '2025-03-25 13:38:58', '대기',
        2, 41, 29, NULL);
INSERT INTO inbound_table (inbound_date, inbound_request_date, inbound_status, admin_id, inbound_amount, product_id, reject_reason_code)
VALUES ('2025-04-08 19:49:37', '2025-04-04 14:24:00', '승인',
        1, 60, 26, NULL);
INSERT INTO inbound_table (inbound_date, inbound_request_date, inbound_status, admin_id, inbound_amount, product_id, reject_reason_code)
VALUES ('2025-04-09 07:43:16', '2025-04-06 03:04:19', '승인',
        2, 24, 8, NULL);
INSERT INTO inbound_table (inbound_date, inbound_request_date, inbound_status, admin_id, inbound_amount, product_id, reject_reason_code)
VALUES ('2025-04-16 19:41:09', '2025-03-24 17:36:33', '승인',
        2, 98, 24, NULL);
INSERT INTO inbound_table (inbound_date, inbound_request_date, inbound_status, admin_id, inbound_amount, product_id, reject_reason_code)
VALUES ('2025-03-26 00:04:16', '2025-03-30 06:29:36', '승인',
        2, 51, 26, NULL);
INSERT INTO inbound_table (inbound_date, inbound_request_date, inbound_status, admin_id, inbound_amount, product_id, reject_reason_code)
VALUES ('2025-04-14 10:30:04', '2025-03-25 03:48:33', '승인',
        2, 62, 29, NULL);
INSERT INTO inbound_table (inbound_date, inbound_request_date, inbound_status, admin_id, inbound_amount, product_id, reject_reason_code)
VALUES ('2025-04-19 04:57:54', '2025-04-10 15:32:01', '대기',
        2, 14, 11, NULL);
INSERT INTO inbound_table (inbound_date, inbound_request_date, inbound_status, admin_id, inbound_amount, product_id, reject_reason_code)
VALUES ('2025-04-01 18:36:02', '2025-04-11 14:01:34', '승인',
        1, 91, 13, NULL);
INSERT INTO inbound_table (inbound_date, inbound_request_date, inbound_status, admin_id, inbound_amount, product_id, reject_reason_code)
VALUES ('2025-04-03 15:53:53', '2025-03-31 19:52:24', '승인',
        1, 73, 7, NULL);
INSERT INTO inbound_table (inbound_date, inbound_request_date, inbound_status, admin_id, inbound_amount, product_id, reject_reason_code)
VALUES ('2025-04-18 13:00:56', '2025-03-29 21:48:17', '승인',
        2, 38, 21, NULL);
INSERT INTO inbound_table (inbound_date, inbound_request_date, inbound_status, admin_id, inbound_amount, product_id, reject_reason_code)
VALUES ('2025-04-22 01:41:00', '2025-04-18 08:29:02', '승인',
        2, 49, 16, NULL);
INSERT INTO inbound_table (inbound_date, inbound_request_date, inbound_status, admin_id, inbound_amount, product_id, reject_reason_code)
VALUES ('2025-04-17 19:52:40', '2025-03-26 09:01:19', '대기',
        2, 27, 12, NULL);
INSERT INTO inbound_table (inbound_date, inbound_request_date, inbound_status, admin_id, inbound_amount, product_id, reject_reason_code)
VALUES ('2025-04-12 11:14:14', '2025-04-02 10:49:21', '반려',
        1, 74, 4, NULL);
INSERT INTO inbound_table (inbound_date, inbound_request_date, inbound_status, admin_id, inbound_amount, product_id, reject_reason_code)
VALUES ('2025-03-30 10:43:06', '2025-03-31 01:53:57', '반려',
        2, 63, 24, NULL);
INSERT INTO inbound_table (inbound_date, inbound_request_date, inbound_status, admin_id, inbound_amount, product_id, reject_reason_code)
VALUES ('2025-04-03 10:24:09', '2025-04-17 08:37:01', '반려',
        2, 23, 9, NULL);
INSERT INTO inbound_table (inbound_date, inbound_request_date, inbound_status, admin_id, inbound_amount, product_id, reject_reason_code)
VALUES ('2025-04-11 21:43:13', '2025-04-09 09:58:51', '대기',
        1, 10, 19, NULL);
INSERT INTO inbound_table (inbound_date, inbound_request_date, inbound_status, admin_id, inbound_amount, product_id, reject_reason_code)
VALUES ('2025-03-25 14:57:16', '2025-03-24 19:38:50', '승인',
        1, 93, 13, NULL);
INSERT INTO inbound_table (inbound_date, inbound_request_date, inbound_status, admin_id, inbound_amount, product_id, reject_reason_code)
VALUES ('2025-04-08 18:46:07', '2025-03-30 12:58:02', '반려',
        1, 78, 6, NULL);
INSERT INTO inbound_table (inbound_date, inbound_request_date, inbound_status, admin_id, inbound_amount, product_id, reject_reason_code)
VALUES ('2025-04-12 08:32:50', '2025-04-09 04:47:20', '승인',
        1, 72, 14, NULL);
INSERT INTO inbound_table (inbound_date, inbound_request_date, inbound_status, admin_id, inbound_amount, product_id, reject_reason_code)
VALUES ('2025-04-20 15:02:14', '2025-03-30 05:04:17', '승인',
        1, 44, 20, NULL);
INSERT INTO inbound_table (inbound_date, inbound_request_date, inbound_status, admin_id, inbound_amount, product_id, reject_reason_code)
VALUES ('2025-04-14 01:15:57', '2025-04-20 10:54:46', '승인',
        2, 90, 5, NULL);
INSERT INTO outbound_table (outbound_date, outbound_request_date, outbound_status, admin_id, outbound_amount, product_id, reject_reason_code)
VALUES ('2025-04-12 06:44:32', '2025-03-30 10:13:24', '승인',
        1, 32, 27, NULL);
INSERT INTO outbound_table (outbound_date, outbound_request_date, outbound_status, admin_id, outbound_amount, product_id, reject_reason_code)
VALUES ('2025-03-30 07:29:30', '2025-03-26 01:45:35', '취소',
        1, 39, 22, NULL);
INSERT INTO outbound_table (outbound_date, outbound_request_date, outbound_status, admin_id, outbound_amount, product_id, reject_reason_code)
VALUES ('2025-04-12 16:27:21', '2025-04-19 09:06:30', '승인',
        1, 34, 22, NULL);
INSERT INTO outbound_table (outbound_date, outbound_request_date, outbound_status, admin_id, outbound_amount, product_id, reject_reason_code)
VALUES ('2025-03-28 16:30:40', '2025-04-20 01:19:03', '승인',
        1, 50, 10, NULL);
INSERT INTO outbound_table (outbound_date, outbound_request_date, outbound_status, admin_id, outbound_amount, product_id, reject_reason_code)
VALUES ('2025-03-25 09:44:57', '2025-03-30 02:03:38', '승인',
        1, 26, 14, NULL);
INSERT INTO outbound_table (outbound_date, outbound_request_date, outbound_status, admin_id, outbound_amount, product_id, reject_reason_code)
VALUES ('2025-03-29 21:05:28', '2025-03-27 13:16:46', '승인',
        2, 18, 14, NULL);
INSERT INTO outbound_table (outbound_date, outbound_request_date, outbound_status, admin_id, outbound_amount, product_id, reject_reason_code)
VALUES ('2025-04-12 18:16:13', '2025-03-30 10:18:00', '승인',
        2, 13, 21, NULL);
INSERT INTO outbound_table (outbound_date, outbound_request_date, outbound_status, admin_id, outbound_amount, product_id, reject_reason_code)
VALUES ('2025-04-18 02:08:44', '2025-04-21 15:35:55', '승인',
        2, 37, 29, NULL);
INSERT INTO outbound_table (outbound_date, outbound_request_date, outbound_status, admin_id, outbound_amount, product_id, reject_reason_code)
VALUES ('2025-04-13 00:28:30', '2025-04-11 10:58:12', '대기',
        1, 18, 5, NULL);
INSERT INTO outbound_table (outbound_date, outbound_request_date, outbound_status, admin_id, outbound_amount, product_id, reject_reason_code)
VALUES ('2025-04-21 14:11:08', '2025-04-22 16:43:12', '취소',
        1, 24, 17, NULL);
INSERT INTO outbound_table (outbound_date, outbound_request_date, outbound_status, admin_id, outbound_amount, product_id, reject_reason_code)
VALUES ('2025-04-09 21:29:41', '2025-04-22 03:10:17', '승인',
        2, 27, 29, NULL);
INSERT INTO outbound_table (outbound_date, outbound_request_date, outbound_status, admin_id, outbound_amount, product_id, reject_reason_code)
VALUES ('2025-04-16 09:45:18', '2025-04-16 22:13:09', '승인',
        2, 11, 4, NULL);
INSERT INTO outbound_table (outbound_date, outbound_request_date, outbound_status, admin_id, outbound_amount, product_id, reject_reason_code)
VALUES ('2025-03-30 19:31:27', '2025-04-09 06:09:43', '취소',
        2, 24, 13, NULL);
INSERT INTO outbound_table (outbound_date, outbound_request_date, outbound_status, admin_id, outbound_amount, product_id, reject_reason_code)
VALUES ('2025-04-14 16:53:54', '2025-04-14 06:14:26', '승인',
        2, 45, 11, NULL);
INSERT INTO outbound_table (outbound_date, outbound_request_date, outbound_status, admin_id, outbound_amount, product_id, reject_reason_code)
VALUES ('2025-04-04 14:16:46', '2025-04-19 19:08:18', '승인',
        2, 27, 23, NULL);
INSERT INTO outbound_table (outbound_date, outbound_request_date, outbound_status, admin_id, outbound_amount, product_id, reject_reason_code)
VALUES ('2025-03-25 04:41:20', '2025-04-18 16:19:08', '대기',
        2, 26, 13, NULL);
INSERT INTO outbound_table (outbound_date, outbound_request_date, outbound_status, admin_id, outbound_amount, product_id, reject_reason_code)
VALUES ('2025-04-16 08:23:01', '2025-04-21 01:44:04', '승인',
        1, 50, 8, NULL);
INSERT INTO outbound_table (outbound_date, outbound_request_date, outbound_status, admin_id, outbound_amount, product_id, reject_reason_code)
VALUES ('2025-03-26 14:03:47', '2025-04-14 10:42:38', '대기',
        1, 18, 9, NULL);
INSERT INTO outbound_table (outbound_date, outbound_request_date, outbound_status, admin_id, outbound_amount, product_id, reject_reason_code)
VALUES ('2025-04-16 13:51:03', '2025-03-29 04:37:53', '대기',
        2, 36, 5, NULL);
INSERT INTO outbound_table (outbound_date, outbound_request_date, outbound_status, admin_id, outbound_amount, product_id, reject_reason_code)
VALUES ('2025-04-20 14:20:29', '2025-03-28 05:12:18', '대기',
        2, 19, 20, NULL);
INSERT INTO outbound_table (outbound_date, outbound_request_date, outbound_status, admin_id, outbound_amount, product_id, reject_reason_code)
VALUES ('2025-04-06 08:13:30', '2025-04-20 07:35:47', '승인',
        1, 18, 29, NULL);
INSERT INTO outbound_table (outbound_date, outbound_request_date, outbound_status, admin_id, outbound_amount, product_id, reject_reason_code)
VALUES ('2025-04-07 17:42:33', '2025-03-24 20:19:13', '승인',
        1, 48, 24, NULL);
INSERT INTO outbound_table (outbound_date, outbound_request_date, outbound_status, admin_id, outbound_amount, product_id, reject_reason_code)
VALUES ('2025-04-15 17:10:35', '2025-04-15 22:28:42', '취소',
        1, 28, 11, NULL);
INSERT INTO outbound_table (outbound_date, outbound_request_date, outbound_status, admin_id, outbound_amount, product_id, reject_reason_code)
VALUES ('2025-04-21 15:39:49', '2025-04-11 02:08:19', '취소',
        1, 41, 19, NULL);
INSERT INTO outbound_table (outbound_date, outbound_request_date, outbound_status, admin_id, outbound_amount, product_id, reject_reason_code)
VALUES ('2025-04-01 21:02:00', '2025-04-06 06:58:41', '취소',
        1, 47, 17, NULL);
INSERT INTO outbound_table (outbound_date, outbound_request_date, outbound_status, admin_id, outbound_amount, product_id, reject_reason_code)
VALUES ('2025-04-17 07:39:59', '2025-04-02 12:01:00', '취소',
        2, 7, 22, NULL);
INSERT INTO outbound_table (outbound_date, outbound_request_date, outbound_status, admin_id, outbound_amount, product_id, reject_reason_code)
VALUES ('2025-04-22 09:40:03', '2025-03-30 14:21:40', '취소',
        1, 11, 20, NULL);
INSERT INTO outbound_table (outbound_date, outbound_request_date, outbound_status, admin_id, outbound_amount, product_id, reject_reason_code)
VALUES ('2025-04-03 16:45:57', '2025-04-19 06:53:25', '승인',
        2, 39, 4, NULL);
INSERT INTO outbound_table (outbound_date, outbound_request_date, outbound_status, admin_id, outbound_amount, product_id, reject_reason_code)
VALUES ('2025-04-20 09:36:02', '2025-04-15 21:32:58', '취소',
        2, 46, 1, NULL);
INSERT INTO outbound_table (outbound_date, outbound_request_date, outbound_status, admin_id, outbound_amount, product_id, reject_reason_code)
VALUES ('2025-03-28 02:04:06', '2025-03-26 11:22:06', '승인',
        1, 32, 19, NULL);
INSERT INTO user_backup_table (user_login_id, user_email, user_name, user_phone, deleted_at, approved_at, requested_at)
VALUES ('deleted_user1', 'deleted1@example.com', '탈퇴자1', '010-9999-001', NOW(), NOW(), NOW());
INSERT INTO user_backup_table (user_login_id, user_email, user_name, user_phone, deleted_at, approved_at, requested_at)
VALUES ('deleted_user2', 'deleted2@example.com', '탈퇴자2', '010-9999-002', NOW(), NOW(), NOW());
INSERT INTO user_backup_table (user_login_id, user_email, user_name, user_phone, deleted_at, approved_at, requested_at)
VALUES ('deleted_user3', 'deleted3@example.com', '탈퇴자3', '010-9999-003', NOW(), NOW(), NOW());
INSERT INTO user_backup_table (user_login_id, user_email, user_name, user_phone, deleted_at, approved_at, requested_at)
VALUES ('deleted_user4', 'deleted4@example.com', '탈퇴자4', '010-9999-004', NOW(), NOW(), NOW());
INSERT INTO user_backup_table (user_login_id, user_email, user_name, user_phone, deleted_at, approved_at, requested_at)
VALUES ('deleted_user5', 'deleted5@example.com', '탈퇴자5', '010-9999-005', NOW(), NOW(), NOW());